arrival_time,voting_duration,is_impatient,start_time,departure_time,has_voted
5.266855726640491,7.456220571351591,True,5.266855726640491,12.723076297992083,True
55.47528163977947,5.132634288656083,True,55.47528163977947,60.60791592843555,True
58.223409776403855,1.778402732503777,False,58.223409776403855,60.00181250890763,True
