arrival_time,voting_duration,is_impatient,start_time,departure_time,has_voted
1.9152202642329061,7.456220571351591,True,1.9152202642329061,9.371440835584497,True
20.172829687192536,5.132634288656083,False,20.172829687192536,25.305463975848618,True
21.172149009601405,1.778402732503777,False,25.305463975848618,27.083866708352396,True
23.48002776500097,10.077384767333019,False,27.083866708352396,37.16125147568542,True
54.75219327388676,18.021893589020635,False,54.75219327388676,72.7740868629074,True
